{"cameraMode":{"drawMode":0,"name":"Shaded","section":"Shading Mode"},"sceneLighting":true,"audioPlay":false,"sceneViewState":{"m_AlwaysRefresh":false,"showFog":true,"showSkybox":true,"showFlares":true,"showImageEffects":true,"showParticleSystems":true,"showVisualEffectGraphs":true,"m_FxEnabled":true},"in2DMode":false,"pivot":{"x":10.063352584838868,"y":-6.275333404541016,"z":151.36203002929688},"rotation":{"x":-0.24579021334648133,"y":0.0847807303071022,"z":-0.021584685891866685,"w":-0.9653710722923279},"size":71.86421203613281,"orthographic":false}